model,platform,accuracy,f1_macro,f1_weighted,auc_macro,f1_normal,f1_depression,f1_anxiety,f1_stress
bert,kaggle,0.9304,0.8739,0.9308,0.984,0.9428,0.9592,0.8608,0.733
bert,reddit,0.7431,0.3145,0.7054,0.6296,0.8641,0.135,0.1927,0.0664
bert,twitter,0.4603,0.3166,0.4174,0.5957,0.5788,0.4436,0.1626,0.0816
roberta,kaggle,0.9364,0.883,0.9369,0.9865,0.9497,0.963,0.8799,0.7396
roberta,reddit,0.7534,0.2976,0.7057,0.6289,0.8707,0.1554,0.1395,0.0248
roberta,twitter,0.4603,0.2844,0.4031,0.603,0.5858,0.4468,0.0955,0.0096
mentalbert,kaggle,0.928,0.8623,0.9279,0.9833,0.9415,0.9607,0.8501,0.6969
mentalbert,reddit,0.7477,0.3169,0.7082,0.6732,0.8675,0.143,0.1933,0.0636
mentalbert,twitter,0.4086,0.2895,0.3687,0.6107,0.4677,0.4469,0.2244,0.0191
mentalroberta,kaggle,0.9303,0.8711,0.9312,0.9848,0.9446,0.9607,0.8586,0.7204
mentalroberta,reddit,0.77,0.3226,0.7204,0.6985,0.8846,0.1603,0.2054,0.0401
mentalroberta,twitter,0.4655,0.3056,0.4122,0.6047,0.5871,0.4347,0.1592,0.0414
