model,platform,n,auc_A,f1_A,auc_B,f1_B,auc_C,f1_C
bert,kaggle,7620,0.984,0.8739,0.991,0.96,0.986,0.9168
bert,reddit,6257,0.6447,0.3034,0.6512,0.578,0.6284,0.3595
bert,twitter,2883,0.5957,0.3166,0.622,0.581,0.6011,0.3963
roberta,kaggle,7620,0.9865,0.883,0.9933,0.9648,0.9886,0.9231
roberta,reddit,6257,0.6374,0.3037,0.6484,0.5717,0.6228,0.3575
roberta,twitter,2883,0.603,0.2844,0.6352,0.595,0.6093,0.3635
mentalbert,kaggle,7620,0.9833,0.8623,0.9932,0.9596,0.9869,0.9162
mentalbert,reddit,6257,0.6852,0.332,0.6943,0.608,0.6727,0.3864
mentalbert,twitter,2883,0.6107,0.2895,0.6079,0.5604,0.6085,0.348
mentalroberta,kaggle,7620,0.9848,0.8711,0.9917,0.9614,0.9878,0.9182
mentalroberta,reddit,6257,0.7029,0.3182,0.7263,0.63,0.6959,0.3754
mentalroberta,twitter,2883,0.6047,0.3056,0.6418,0.5673,0.6168,0.3801
