model,platform,n_samples,accuracy,f1_macro,auc_macro,ece,auc_normal,auc_depression,auc_anxiety,auc_stress,auc_normal_ci_lo,auc_depression_ci_lo,auc_anxiety_ci_lo,auc_stress_ci_lo,auc_normal_ci_hi,auc_depression_ci_hi,auc_anxiety_ci_hi,auc_stress_ci_hi,f1_normal,f1_depression,f1_anxiety,f1_stress
bert,kaggle,7620,0.9304,0.8739,0.984,0.0603,0.991,0.9882,0.988,0.9689,0.9891,0.9861,0.9839,0.9617,0.9929,0.9902,0.9921,0.976,0.9428,0.9592,0.8608,0.733
bert,reddit,6330,0.7431,0.3145,0.6296,0.2395,0.6293,0.5879,0.6929,0.6083,0.6116,0.5599,0.6459,0.5853,0.647,0.616,0.7399,0.6313,0.8641,0.135,0.1927,0.0664
bert,twitter,2883,0.4603,0.3166,0.5957,0.5062,0.622,0.6028,0.6283,0.5298,0.6015,0.5804,0.5961,0.4997,0.6424,0.6251,0.6605,0.5599,0.5788,0.4436,0.1626,0.0816
roberta,kaggle,7620,0.9364,0.883,0.9865,0.0563,0.9933,0.9902,0.9906,0.9721,0.9916,0.9885,0.9874,0.9658,0.9951,0.9919,0.9937,0.9784,0.9497,0.963,0.8799,0.7396
roberta,reddit,6330,0.7534,0.2976,0.6289,0.2346,0.6444,0.6079,0.6685,0.5948,0.627,0.5794,0.6163,0.5719,0.6618,0.6364,0.7206,0.6177,0.8707,0.1554,0.1395,0.0248
roberta,twitter,2883,0.4603,0.2844,0.603,0.5135,0.6352,0.6065,0.6488,0.5215,0.615,0.584,0.6172,0.4917,0.6554,0.6291,0.6804,0.5513,0.5858,0.4468,0.0955,0.0096
mentalbert,kaggle,7620,0.928,0.8623,0.9833,0.0583,0.9932,0.9883,0.9862,0.9656,0.9917,0.9863,0.9813,0.9588,0.9946,0.9903,0.991,0.9724,0.9415,0.9607,0.8501,0.6969
mentalbert,reddit,6330,0.7477,0.3169,0.6732,0.231,0.6786,0.6088,0.7064,0.6987,0.662,0.5806,0.655,0.6779,0.6953,0.637,0.7579,0.7196,0.8675,0.143,0.1933,0.0636
mentalbert,twitter,2883,0.4086,0.2895,0.6107,0.5423,0.6079,0.5855,0.7144,0.5349,0.5874,0.5622,0.6815,0.5032,0.6283,0.6089,0.7473,0.5666,0.4677,0.4469,0.2244,0.0191
mentalroberta,kaggle,7620,0.9303,0.8711,0.9848,0.0587,0.9917,0.9891,0.9878,0.9707,0.9899,0.9871,0.9838,0.9656,0.9935,0.991,0.9919,0.9758,0.9446,0.9607,0.8586,0.7204
mentalroberta,reddit,6330,0.77,0.3226,0.6985,0.2119,0.7309,0.629,0.6882,0.746,0.7153,0.6013,0.636,0.7267,0.7466,0.6567,0.7404,0.7654,0.8846,0.1603,0.2054,0.0401
mentalroberta,twitter,2883,0.4655,0.3056,0.6047,0.4993,0.6418,0.6217,0.6136,0.5416,0.6215,0.6001,0.5787,0.512,0.6621,0.6433,0.6485,0.5713,0.5871,0.4347,0.1592,0.0414
