model,platform,n,ece_agg,ece_agg_lo,ece_agg_hi,ece_normal,ece_normal_lo,ece_normal_hi,n_normal,ece_depression,ece_depression_lo,ece_depression_hi,n_depression,ece_anxiety,ece_anxiety_lo,ece_anxiety_hi,n_anxiety,ece_stress,ece_stress_lo,ece_stress_hi,n_stress
bert,kaggle,7620,0.0603,0.0549,0.0659,0.0285,0.0252,0.0327,2188,0.0406,0.0365,0.0456,4314,0.0188,0.0161,0.0222,569,0.0336,0.0299,0.0378,549
bert,reddit,6257,0.2285,0.218,0.2394,0.2043,0.1946,0.2147,5063,0.1325,0.1244,0.1412,410,0.024,0.0204,0.0279,141,0.1071,0.0993,0.115,643
bert,twitter,2883,0.5062,0.4885,0.525,0.3923,0.375,0.4111,1258,0.3621,0.3452,0.3804,867,0.1153,0.1044,0.1272,354,0.1514,0.1391,0.164,404
roberta,kaggle,7620,0.0563,0.0513,0.0616,0.0261,0.0231,0.0299,2188,0.0377,0.0335,0.0422,4314,0.016,0.0133,0.0188,569,0.0346,0.0305,0.039,549
roberta,reddit,6257,0.2207,0.211,0.2314,0.1989,0.1895,0.209,5063,0.1193,0.112,0.1278,410,0.0241,0.0207,0.028,141,0.107,0.0994,0.1147,643
roberta,twitter,2883,0.5135,0.4956,0.5318,0.3818,0.3643,0.4,1258,0.392,0.3745,0.4104,867,0.1171,0.106,0.1294,354,0.1419,0.1296,0.154,404
mentalbert,kaggle,7620,0.0583,0.0532,0.0638,0.0268,0.0234,0.0308,2188,0.0374,0.033,0.0418,4314,0.0189,0.0162,0.0226,569,0.0352,0.0311,0.0398,549
mentalbert,reddit,6257,0.2077,0.1981,0.2179,0.1834,0.1742,0.194,5063,0.1203,0.1135,0.1287,410,0.0245,0.0211,0.0289,141,0.0989,0.0913,0.1065,643
mentalbert,twitter,2883,0.5423,0.5242,0.5599,0.3773,0.3599,0.3961,1258,0.4748,0.4566,0.4935,867,0.1062,0.0958,0.1177,354,0.1396,0.1275,0.1524,404
mentalroberta,kaggle,7620,0.0587,0.0529,0.0643,0.027,0.0237,0.0316,2188,0.0378,0.0339,0.0426,4314,0.0185,0.0156,0.0221,569,0.0352,0.0311,0.0396,549
mentalroberta,reddit,6257,0.1955,0.1861,0.2054,0.1628,0.1546,0.1736,5063,0.1098,0.1027,0.118,410,0.0226,0.0193,0.0267,141,0.1034,0.0959,0.1111,643
mentalroberta,twitter,2883,0.4993,0.4811,0.5188,0.3997,0.3816,0.4182,1258,0.3431,0.3258,0.3619,867,0.1146,0.104,0.1264,354,0.1427,0.1304,0.1545,404
