word,ig_score
fucking,0.35623667927251923
worst,0.34978633001446724
fuck,0.3162844917353462
disgusting,0.22431208845227957
shit,0.20951642149261065
cant,0.20079504450162253
hell,0.1981332161360317
im,0.1954189632087946
damn,0.18020300567150116
horrible,0.17588278402884802
thats,0.17435703799128532
awful,0.1669160251816114
damned,0.16483957568804422
less,0.1542064480483532
worse,0.15333061921410263
'll,0.15309878811240196
feel,0.14115153811872005
dont,0.13894662136832872
same,0.13730748121937117
need,0.1364116482436657
thread,0.13202234357595444
hate,0.13045741338282824
take,0.12806865014135838
drug,0.1269368827342987
guy,0.12489958604176839
gonna,0.12339345862468083
oh,0.12025104090571404
ve,0.11675614987810452
never,0.11308103054761887
what,0.11302954696917109
ever,0.112877090771993
actual,0.11158190853893757
stupid,0.10606523659080266
ous,0.10180610169967015
conversation,0.0984313568721215
give,0.09842491522431374
know,0.0983127612620592
ant,0.09700460266321898
mind,0.09683138597756624
up,0.09491821292501229
yes,0.09367383954425652
head,0.09257272281683981
do,0.08957334514707327
think,0.08931604400277138
post,0.08851719368249178
talk,0.08809505092600982
kind,0.08701403811573982
've,0.0858980646977822
id,0.08517145862181981
hes,0.08488013548776507
re,0.0844658354127949
left,0.08261354950567086
having,0.08104580330351989
talking,0.07992856949567795
dude,0.07956962535778682
're,0.0793773935486873
why,0.07915226597752836
this,0.0763083559236136
..,0.07371443696320057
stop,0.06959809912368656
thing,0.06891099270433187
well,0.06865124276373535
him,0.06858500670641661
here,0.06850350896517436
better,0.06832875055260956
bad,0.06629427855036088
no,0.06610642889371285
off,0.06607278795646769
was,0.06538231222934666
face,0.06536499472955863
almost,0.06430358005066712
would,0.0638095755553381
media,0.06257950514554977
is,0.062321012978382564
people,0.06182785781233439
est,0.06116064079105854
my,0.06101744122464548
down,0.06084569310769439
game,0.06023982968181372
should,0.05973081796297005
am,0.0594309875741601
still,0.05924967741593719
right,0.059222828305792063
from,0.058204388432204726
ful,0.057953218619028725
attention,0.05719360833366712
after,0.056396213546395305
he,0.055811207043007016
for,0.055695296191659416
his,0.05451890602707863
't,0.054509324176857867
country,0.05370294054349264
me,0.053602888356321134
make,0.05345538817346096
not,0.05345359817147255
lot,0.053397975862026215
actually,0.05320221241563559
just,0.05300008216207581
bear,0.05188623691598574
that,0.05134598488245714
about,0.05066761240595952
na,0.05059709524114927
all,0.05027471359988505
got,0.05014246124774217
family,0.04972185039271911
en,0.049553629010915756
even,0.049533203896135095
now,0.04927215436473489
idiot,0.04907126041750113
your,0.04892234264739922
how,0.048771402798593044
them,0.04780755928632888
yeah,0.04726646468043327
they,0.04685437058409055
over,0.04662682376801967
making,0.04641508124768734
'm,0.04592457681428641
like,0.04526907519290322
wrong,0.04501432366669178
out,0.044966137248345396
her,0.04462094238260761
if,0.044455455926557384
and,0.04425263220338889
the,0.044244810849888606
's,0.04400023733753534
on,0.043940641492714774
at,0.04368129086547664
there,0.043628013071914516
of,0.0433734657506094
much,0.04331765199700991
you,0.04296411997416899
nothing,0.04246480452517668
try,0.04166844952851534
don,0.041601540853402445
are,0.041537177725695075
big,0.041259446336577334
its,0.04123416310176253
have,0.04109526758726973
man,0.03980462830513716
it,0.03926182454451919
those,0.03908555846040448
getting,0.038520572707057
being,0.03846453316509724
games,0.03842925590773424
ridiculous,0.037671038415282965
as,0.037655096767204146
some,0.037264525704085824
really,0.036924655362963674
rather,0.03685915283858776
but,0.036646154562109394
using,0.03658335097134113
so,0.035883879030330315
sub,0.03579902984201908
one,0.03545836444633702
has,0.03474473371170461
see,0.034403469413518906
say,0.03368659729936293
or,0.03358393566062053
seem,0.032918175061543785
than,0.0324564894544892
because,0.032027101260609925
doesn,0.032018589414656164
"],",0.03196334466338158
who,0.031114649144001305
look,0.03069554703931014
an,0.03048894776461216
else,0.03021854783097903
long,0.02978244610130787
in,0.029612660291604698
more,0.0289871779580911
wing,0.028690108408530552
been,0.028486159009238083
when,0.02771162590943277
between,0.02757459630568822
with,0.026809172239154577
believe,0.026306794335444767
then,0.02614176394417882
their,0.026089816198994715
time,0.02554277703166008
get,0.025099179773990597
20,0.024763491936028004
anyone,0.023636638303287327
can,0.02345222006128593
to,0.023118660960678165
be,0.022785469693572896
too,0.022728730691596866
tell,0.022067302217086155
ers,0.02118266001343727
our,0.020377974957227707
we,0.020310666295699775
year,0.019949605067571003
way,0.019368559936992824
going,0.019346224454542
someone,0.018323090486228467
she,0.01813240423798561
good,0.014811958186328411
let,0.014775991439819336
other,0.013521443773061036
things,0.013393035158514977
work,0.011847807404895624
16,0.011650666284064451
only,0.01130518177524209
want,0.010267778299748898
